"R0A","MANCHESTER UNIVERSITY NHS FOUNDATION TRUST","Y62","Q83","COBBETT HOUSE","OXFORD ROAD","","MANCHESTER","","M13 9WL","20171001","","","","","","","","","","","0","","B","","",""
"R0B","SOUTH TYNESIDE AND SUNDERLAND NHS FOUNDATION TRUST","Y63","Q74","SUNDERLAND ROYAL HOSPITAL","KAYLL ROAD","","SUNDERLAND","","SR4 7TP","20190401","","","","","","","","","","","0","","A","","",""
"R1A","WORCESTERSHIRE HEALTH AND CARE NHS TRUST","Y60","Q77","UNIT 2 KINGS COURT","CHARLES HASTINGS WAY","","WORCESTER","","WR5 1JR","20110701","","","","","","","","","","","0","","F","","",""
"R1C","SOLENT NHS TRUST","Y59","Q87","SOLENT NHS TRUST HEADQUARTERS","HIGHPOINT VENUE","BURSLEDON ROAD","SOUTHAMPTON","","SO19 8BR","20110401","","","","","","","","","","","0","","J","","",""
"R1D","SHROPSHIRE COMMUNITY HEALTH NHS TRUST","Y60","Q76","WILLIAM FARR HOUSE","MYTTON OAK ROAD","","SHREWSBURY","","SY3 8XL","20110701","","","","","","","","","","","0","","E","","",""
"R1E","STAFFORDSHIRE AND STOKE ON TRENT PARTNERSHIP NHS TRUST","Y55","Q76","2ND FLOOR, MORSTON HOUSE","","","NEWCASTLE-UNDER-LYME","STAFFORDSHIRE","ST5 1QG","20110901","20180531","","","","","","","","","","0","","E","","",""
"R1F","ISLE OF WIGHT NHS TRUST","Y59","Q87","ST MARYS HOSPITAL","PARKHURST ROAD","","NEWPORT","","PO30 5TG","20120401","","","","","","","","","","","0","","J","","",""
"R1H","BARTS HEALTH NHS TRUST","Y56","Q71","THE ROYAL LONDON HOSPITAL","80 NEWARK STREET","","LONDON","","E1 2ES","20120401","","","","","","","","","","","0","","H","","",""
"R1J","GLOUCESTERSHIRE CARE SERVICES NHS TRUST","Y58","Q86","EDWARD JENNER COURT","1010 PIONEER AVENUE","GLOUCESTER BUSINESS PK, BROCKWORTH","GLOUCESTER","GLOUCESTERSHIRE","GL3 4AW","20130322","20190930","","","","","","","","","","0","","K","","",""
"R1K","LONDON NORTH WEST UNIVERSITY HEALTHCARE NHS TRUST","Y56","Q71","NORTHWICK PARK HOSPITAL","WATFORD ROAD","","HARROW","","HA1 3UJ","20141001","","","","","","","","","","","0","","H","","",""
"R1L","ESSEX PARTNERSHIP UNIVERSITY NHS FOUNDATION TRUST","Y61","Q79","THE LODGE","LODGE APPROACH","RUNWELL","WICKFORD","","SS11 7XX","20170401","","","","","","","","","","","0","","G","","",""
"RA2","ROYAL SURREY COUNTY HOSPITAL NHS FOUNDATION TRUST","Y59","Q88","EGERTON ROAD","","","GUILDFORD","","GU2 7XX","19910401","","","","","","","","","","","0","","J","","",""
"RA3","WESTON AREA HEALTH NHS TRUST","Y58","Q86","WESTON GENERAL HOSPITAL","GRANGE ROAD","UPHILL","WESTON-SUPER-MARE","","BS23 4TQ","19910401","","","","","","","","","","","0","","K","","",""
"RA4","YEOVIL DISTRICT HOSPITAL NHS FOUNDATION TRUST","Y58","Q85","YEOVIL DISTRICT HOSPITAL","HIGHER KINGSTON","","YEOVIL","","BA21 4AT","19910401","","","","","","","","","","","0","","K","","",""
"RA7","UNIVERSITY HOSPITALS BRISTOL NHS FOUNDATION TRUST","Y58","Q86","TRUST HEADQUARTERS","MARLBOROUGH STREET","","BRISTOL","","BS1 3NU","19910401","","","","","","","","","","","0","","K","","",""
"RA9","TORBAY AND SOUTH DEVON NHS FOUNDATION TRUST","Y58","Q85","TORBAY HOSPITAL","NEWTON ROAD","","TORQUAY","","TQ2 7AA","19910401","","","","","","","","","","","0","","K","","",""
"RAE","BRADFORD TEACHING HOSPITALS NHS FOUNDATION TRUST","Y63","Q72","BRADFORD ROYAL INFIRMARY","DUCKWORTH LANE","","BRADFORD","","BD9 6RJ","19910401","","","","","","","","","","","0","","D","","",""
"RAJ","SOUTHEND UNIVERSITY HOSPITAL NHS FOUNDATION TRUST","Y61","Q79","PRITTLEWELL CHASE","","","WESTCLIFF-ON-SEA","","SS0 0RY","19910401","","","","","","","","","","","0","","G","","",""
"RAL","ROYAL FREE LONDON NHS FOUNDATION TRUST","Y56","Q71","ROYAL FREE HOSPITAL","POND STREET","","LONDON","","NW3 2QG","19910401","","","","","","","","","","","0","","H","","",""
"RAN","ROYAL NATIONAL ORTHOPAEDIC HOSPITAL NHS TRUST","Y56","Q71","BROCKLEY HILL","","","STANMORE","","HA7 4LP","19910401","","","","","","","","","","","0","","H","","",""
"RAP","NORTH MIDDLESEX UNIVERSITY HOSPITAL NHS TRUST","Y56","Q71","NORTH MIDDLESEX HOSPITAL","STERLING WAY","","LONDON","","N18 1QX","19910401","","","","","","","","","","","0","","H","","",""
"RAS","THE HILLINGDON HOSPITALS NHS FOUNDATION TRUST","Y56","Q71","PIELD HEATH ROAD","","","UXBRIDGE","","UB8 3NN","19910401","","","","","","","","","","","0","","H","","",""
"RAT","NORTH EAST LONDON NHS FOUNDATION TRUST","Y56","Q71","WEST WING","C E M E CENTRE","MARSH WAY","RAINHAM","","RM13 8GQ","20010401","","","","","","","","","","","0","","H","","",""
"RAX","KINGSTON HOSPITAL NHS FOUNDATION TRUST","Y56","Q71","GALSWORTHY ROAD","","","KINGSTON UPON THAMES","","KT2 7QB","19910401","","","","","","","","","","","0","","H","","",""
"RBA","TAUNTON AND SOMERSET NHS FOUNDATION TRUST","Y58","Q85","MUSGROVE PARK HOSPITAL","","","TAUNTON","","TA1 5DA","19910401","","","","","","","","","","","0","","K","","",""
"RBD","DORSET COUNTY HOSPITAL NHS FOUNDATION TRUST","Y58","Q85","DORSET COUNTY HOSPITAL","WILLIAMS AVENUE","","DORCHESTER","","DT1 2JY","19910401","","","","","","","","","","","0","","K","","",""
"RBK","WALSALL HEALTHCARE NHS TRUST","Y60","Q77","MANOR HOSPITAL","MOAT ROAD","","WALSALL","","WS2 9PS","19910401","","","","","","","","","","","0","","F","","",""
"RBL","WIRRAL UNIVERSITY TEACHING HOSPITAL NHS FOUNDATION TRUST","Y62","Q75","ARROWE PARK HOSPITAL","ARROWE PARK ROAD","UPTON","WIRRAL","","CH49 5PE","19910401","","","","","","","","","","","0","","B","","",""
"RBN","ST HELENS AND KNOWSLEY TEACHING HOSPITALS NHS TRUST","Y62","Q75","WHISTON HOSPITAL","WARRINGTON ROAD","","PRESCOT","","L35 5DR","19910401","","","","","","","","","","","0","","B","","",""
"RBQ","LIVERPOOL HEART AND CHEST HOSPITAL NHS FOUNDATION TRUST","Y62","Q75","THOMAS DRIVE","","","LIVERPOOL","","L14 3PE","19910401","","","","","","","","","","","0","","B","","",""
"RBS","ALDER HEY CHILDREN'S NHS FOUNDATION TRUST","Y62","Q75","ALDER HEY HOSPITAL","EATON ROAD","WEST DERBY","LIVERPOOL","","L12 2AP","19910401","","","","","","","","","","","0","","B","","",""
"RBT","MID CHESHIRE HOSPITALS NHS FOUNDATION TRUST","Y62","Q75","LEIGHTON HOSPITAL","LEIGHTON","","CREWE","","CW1 4QJ","19910401","","","","","","","","","","","0","","B","","",""
"RBV","THE CHRISTIE NHS FOUNDATION TRUST","Y62","Q83","550 WILMSLOW ROAD","WITHINGTON","","MANCHESTER","","M20 4BX","19910401","","","","","","","","","","","0","","B","","",""
"RBZ","NORTHERN DEVON HEALTHCARE NHS TRUST","Y58","Q85","NORTH DEVON DISTRICT HOSPITAL","RALEIGH PARK","","BARNSTAPLE","","EX31 4JB","19910401","","","","","","","","","","","0","","K","","",""
"RC1","BEDFORD HOSPITAL NHS TRUST","Y61","Q79","SOUTH WING","KEMPSTON ROAD","","BEDFORD","","MK42 9DJ","19920401","","","","","","","","","","","0","","G","","",""
"RC9","LUTON AND DUNSTABLE UNIVERSITY HOSPITAL NHS FOUNDATION TRUST","Y61","Q79","LEWSEY ROAD","","","LUTON","","LU4 0DZ","19920401","","","","","","","","","","","0","","G","","",""
"RCB","YORK TEACHING HOSPITAL NHS FOUNDATION TRUST","Y63","Q72","YORK HOSPITAL","WIGGINTON ROAD","","YORK","","YO31 8HE","19920401","","","","","","","","","","","0","","D","","",""
"RCD","HARROGATE AND DISTRICT NHS FOUNDATION TRUST","Y63","Q72","HARROGATE DISTRICT HOSPITAL","LANCASTER PARK ROAD","","HARROGATE","","HG2 7SX","19920401","","","","","","","","","","","0","","D","","",""
"RCF","AIREDALE NHS FOUNDATION TRUST","Y63","Q72","AIREDALE GENERAL HOSPITAL","SKIPTON ROAD","STEETON","KEIGHLEY","","BD20 6TD","19920401","","","","","","","","","","","0","","D","","",""
"RCU","SHEFFIELD CHILDREN'S NHS FOUNDATION TRUST","Y63","Q72","WESTERN BANK","","","SHEFFIELD","","S10 2TH","19920401","","","","","","","","","","","0","","D","","",""
"RCX","THE QUEEN ELIZABETH HOSPITAL, KING'S LYNN, NHS FOUNDATION TRUST","Y61","Q79","QUEEN ELIZABETH HOSPITAL","GAYTON ROAD","","KING'S LYNN","","PE30 4ET","19920401","","","","","","","","","","","0","","G","","",""
"RD1","ROYAL UNITED HOSPITALS BATH NHS FOUNDATION TRUST","Y58","Q86","COMBE PARK","","","BATH","","BA1 3NG","19920401","","","","","","","","","","","0","","K","","",""
"RD3","POOLE HOSPITAL NHS FOUNDATION TRUST","Y58","Q85","LONGFLEET ROAD","","","POOLE","","BH15 2JB","19920401","","","","","","","","","","","0","","K","","",""
"RD8","MILTON KEYNES UNIVERSITY HOSPITAL NHS FOUNDATION TRUST","Y61","Q79","STANDING WAY","EAGLESTONE","","MILTON KEYNES","","MK6 5LD","19920401","","","","","","","","","","","0","","G","","",""
"RDD","BASILDON AND THURROCK UNIVERSITY HOSPITALS NHS FOUNDATION TRUST","Y61","Q79","BASILDON HOSPITAL","NETHERMAYNE","","BASILDON","","SS16 5NL","19920401","","","","","","","","","","","0","","G","","",""
"RDE","EAST SUFFOLK AND NORTH ESSEX NHS FOUNDATION TRUST","Y61","Q79","COLCHESTER DIST GENERAL HOSPITAL","TURNER ROAD","","COLCHESTER","","CO4 5JL","19920401","","","","","","","","","","","0","","G","","",""
"RDR","SUSSEX COMMUNITY NHS FOUNDATION TRUST","Y59","Q88","BRIGHTON GENERAL HOSPITAL","ELM GROVE","","BRIGHTON","","BN2 3EW","19920401","","","","","","","","","","","0","","J","","",""
"RDU","FRIMLEY HEALTH NHS FOUNDATION TRUST","Y59","Q87","PORTSMOUTH ROAD","FRIMLEY","","CAMBERLEY","","GU16 7UJ","19920401","","","","","","","","","","","0","","J","","",""
"RDY","DORSET HEALTHCARE UNIVERSITY NHS FOUNDATION TRUST","Y58","Q85","SENTINEL HOUSE","4-6 NUFFIELD ROAD","NUFFIELD INDUSTRIAL ESTATE","POOLE","","BH17 0RB","19920401","","","","","","","","","","","0","","K","","",""
"RDZ","THE ROYAL BOURNEMOUTH AND CHRISTCHURCH HOSPITALS NHS FOUNDATION TRUST","Y58","Q85","ROYAL BOURNEMOUTH GENERAL HOSPITAL","CASTLE LANE EAST","","BOURNEMOUTH","","BH7 7DW","19920401","","","","","","","","","","","0","","K","","",""
"RE9","SOUTH TYNESIDE NHS FOUNDATION TRUST","Y54","Q74","SOUTH TYNESIDE DISTRICT HOSPITAL","HARTON LANE","","SOUTH SHIELDS","TYNE AND WEAR","NE34 0PL","19930401","20190331","","","","","","","","","","0","","A","","",""
"REF","ROYAL CORNWALL HOSPITALS NHS TRUST","Y58","Q85","ROYAL CORNWALL HOSPITAL","TRELISKE","","TRURO","","TR1 3LJ","19920401","","","","","","","","","","","0","","K","","",""
"REM","LIVERPOOL UNIVERSITY HOSPITALS NHS FOUNDATION TRUST","Y62","Q75","ROYAL LIVERPOOL UNIVERSITY HOSPITAL","PRESCOT STREET","","LIVERPOOL","","L7 8XP","19920401","","","","","","","","","","","0","","B","","",""
"REN","THE CLATTERBRIDGE CANCER CENTRE NHS FOUNDATION TRUST","Y62","Q75","CLATTERBRIDGE HOSPITAL","CLATTERBRIDGE ROAD","BEBINGTON","WIRRAL","","CH63 4JY","19920401","","","","","","","","","","","0","","B","","",""
"REP","LIVERPOOL WOMEN'S NHS FOUNDATION TRUST","Y62","Q75","LIVERPOOL WOMENS HOSPITAL","CROWN STREET","","LIVERPOOL","","L8 7SS","19920401","","","","","","","","","","","0","","B","","",""
"RET","THE WALTON CENTRE NHS FOUNDATION TRUST","Y62","Q75","LOWER LANE","","","LIVERPOOL","","L9 7LJ","19920401","","","","","","","","","","","0","","B","","",""
"RF4","BARKING, HAVERING AND REDBRIDGE UNIVERSITY HOSPITALS NHS TRUST","Y56","Q71","QUEENS HOSPITAL","ROM VALLEY WAY","","ROMFORD","","RM7 0AG","20010401","","","","","","","","","","","0","","H","","",""
"RFF","BARNSLEY HOSPITAL NHS FOUNDATION TRUST","Y63","Q72","GAWBER ROAD","","","BARNSLEY","","S75 2EP","19930401","","","","","","","","","","","0","","D","","",""
"RFR","THE ROTHERHAM NHS FOUNDATION TRUST","Y63","Q72","MOORGATE ROAD","","","ROTHERHAM","","S60 2UD","19930401","","","","","","","","","","","0","","D","","",""
"RFS","CHESTERFIELD ROYAL HOSPITAL NHS FOUNDATION TRUST","Y60","Q76","CHESTERFIELD ROAD","CALOW","","CHESTERFIELD","","S44 5BL","19930401","","","","","","","","","","","0","","E","","",""
"RGD","LEEDS AND YORK PARTNERSHIP NHS FOUNDATION TRUST","Y63","Q72","2150 CENTURY WAY","THORPE PARK","","LEEDS","","LS15 8ZB","19930401","","","","","","","","","","","0","","D","","",""
"RGM","ROYAL PAPWORTH HOSPITAL NHS FOUNDATION TRUST","Y61","Q79","PAPWORTH ROAD","CAMBRIDGE BIOMEDICAL CAMPUS","","CAMBRIDGE","","CB2 0AY","19930401","","","","","","","","","","","0","","G","","",""
"RGN","NORTH WEST ANGLIA NHS FOUNDATION TRUST","Y61","Q79","PETERBOROUGH CITY HOSPITAL","BRETTON GATE","BRETTON","PETERBOROUGH","","PE3 9GZ","19930401","","","","","","","","","","","0","","G","","",""
"RGP","JAMES PAGET UNIVERSITY HOSPITALS NHS FOUNDATION TRUST","Y61","Q79","LOWESTOFT ROAD","GORLESTON","","GREAT YARMOUTH","","NR31 6LA","19930401","","","","","","","","","","","0","","G","","",""
"RGQ","IPSWICH HOSPITAL NHS TRUST","Y55","Q79","HEATH ROAD","","","IPSWICH","SUFFOLK","IP4 5PD","19930401","20180630","","","","","","","","","","0","","G","","",""
"RGR","WEST SUFFOLK NHS FOUNDATION TRUST","Y61","Q79","WEST SUFFOLK HOSPITAL","HARDWICK LANE","","BURY ST. EDMUNDS","","IP33 2QZ","19930401","","","","","","","","","","","0","","G","","",""
"RGT","CAMBRIDGE UNIVERSITY HOSPITALS NHS FOUNDATION TRUST","Y61","Q79","CAMBRIDGE BIOMEDICAL CAMPUS","HILLS ROAD","","CAMBRIDGE","","CB2 0QQ","19930401","","","","","","","","","","","0","","G","","",""
"RH5","SOMERSET PARTNERSHIP NHS FOUNDATION TRUST","Y58","Q85","2ND FLOOR MALLARD COURT","EXPRESS PARK","BRISTOL ROAD","BRIDGWATER","SOMERSET","TA6 4RN","19930401","","","","","","","","","","","0","","K","","",""
"RH8","ROYAL DEVON AND EXETER NHS FOUNDATION TRUST","Y58","Q85","ROYAL DEVON & EXETER HOSPITAL","BARRACK ROAD","","EXETER","","EX2 5DW","19930401","","","","","","","","","","","0","","K","","",""
"RHA","NOTTINGHAMSHIRE HEALTHCARE NHS FOUNDATION TRUST","Y60","Q76","THE RESOURCE, TRUST HQ","DUNCAN MACMILLAN HOUSE","PORCHESTER ROAD","NOTTINGHAM","","NG3 6AA","20010401","","","","","","","","","","","0","","E","","",""
"RHM","UNIVERSITY HOSPITAL SOUTHAMPTON NHS FOUNDATION TRUST","Y59","Q87","SOUTHAMPTON GENERAL HOSPITAL","TREMONA ROAD","","SOUTHAMPTON","","SO16 6YD","19930401","","","","","","","","","","","0","","J","","",""
"RHQ","SHEFFIELD TEACHING HOSPITALS NHS FOUNDATION TRUST","Y63","Q72","NORTHERN GENERAL HOSPITAL","HERRIES ROAD","","SHEFFIELD","","S5 7AU","20010401","","","","","","","","","","","0","","D","","",""
"RHU","PORTSMOUTH HOSPITALS NHS TRUST","Y59","Q87","QUEEN ALEXANDRA HOSPITAL","SOUTHWICK HILL ROAD","COSHAM","PORTSMOUTH","","PO6 3LY","19930401","","","","","","","","","","","0","","J","","",""
"RHW","ROYAL BERKSHIRE NHS FOUNDATION TRUST","Y59","Q87","ROYAL BERKSHIRE HOSPITAL","LONDON ROAD","","READING","","RG1 5AN","19930401","","","","","","","","","","","0","","J","","",""
"RJ1","GUY'S AND ST THOMAS' NHS FOUNDATION TRUST","Y56","Q71","ST THOMAS' HOSPITAL","WESTMINSTER BRIDGE ROAD","","LONDON","","SE1 7EH","19930401","","","","","","","","","","","0","","H","","",""
"RJ2","LEWISHAM AND GREENWICH NHS TRUST","Y56","Q71","UNIVERSITY HOSPITAL LEWISHAM","LEWISHAM HIGH STREET","","LONDON","","SE13 6LH","19930401","","","","","","","","","","","0","","H","","",""
"RJ6","CROYDON HEALTH SERVICES NHS TRUST","Y56","Q71","CROYDON UNIVERSITY HOSPITAL","530 LONDON ROAD","","THORNTON HEATH","","CR7 7YE","19930401","","","","","","","","","","","0","","H","","",""
"RJ7","ST GEORGE'S UNIVERSITY HOSPITALS NHS FOUNDATION TRUST","Y56","Q71","ST GEORGE'S HOSPITAL","BLACKSHAW ROAD","TOOTING","LONDON","","SW17 0QT","19930401","","","","","","","","","","","0","","H","","",""
"RJ8","CORNWALL PARTNERSHIP NHS FOUNDATION TRUST","Y58","Q85","CAREW HOUSE","BEACON TECHNOLOGY PARK","DUNMERE ROAD","BODMIN","CORNWALL","PL31 2QN","19930401","","","","","","","","","","","0","","K","","",""
"RJC","SOUTH WARWICKSHIRE NHS FOUNDATION TRUST","Y60","Q77","WARWICK HOSPITAL","LAKIN ROAD","","WARWICK","","CV34 5BW","19930401","","","","","","","","","","","0","","F","","",""
"RJD","MID STAFFORDSHIRE NHS FOUNDATION TRUST","Y60","Q76","STAFFORD HOSPITAL","WESTON ROAD","","STAFFORD","STAFFORDSHIRE","ST16 3SA","19930401","","","","","","","","","","","0","","E","","",""
"RJE","UNIVERSITY HOSPITALS OF NORTH MIDLANDS NHS TRUST","Y60","Q76","NEWCASTLE ROAD","","","STOKE-ON-TRENT","","ST4 6QG","19930401","","","","","","","","","","","0","","E","","",""
"RJF","BURTON HOSPITALS NHS FOUNDATION TRUST","Y55","Q76","QUEEN'S HOSPITAL","BELVEDERE ROAD","","BURTON-ON-TRENT","STAFFORDSHIRE","DE13 0RB","19930401","20180630","","","","","","","","","","0","","E","","",""
"RJL","NORTHERN LINCOLNSHIRE AND GOOLE NHS FOUNDATION TRUST","Y63","Q72","DIANA PRINCESS OF WALES HOSPITAL","SCARTHO ROAD","","GRIMSBY","","DN33 2BA","20010401","","","","","","","","","","","0","","D","","",""
"RJN","EAST CHESHIRE NHS TRUST","Y62","Q75","MACCLESFIELD DISTRICT HOSPITAL","VICTORIA ROAD","","MACCLESFIELD","","SK10 3BL","19930401","","","","","","","","","","","0","","B","","",""
"RJR","COUNTESS OF CHESTER HOSPITAL NHS FOUNDATION TRUST","Y62","Q75","COUNTESS OF CHESTER HEALTH PARK","LIVERPOOL ROAD","","CHESTER","","CH2 1UL","19930401","","","","","","","","","","","0","","B","","",""
"RJZ","KING'S COLLEGE HOSPITAL NHS FOUNDATION TRUST","Y56","Q71","DENMARK HILL","","","LONDON","","SE5 9RS","19930401","","","","","","","","","","","0","","H","","",""
"RK5","SHERWOOD FOREST HOSPITALS NHS FOUNDATION TRUST","Y60","Q76","KINGS MILL HOSPITAL","MANSFIELD ROAD","","SUTTON-IN-ASHFIELD","","NG17 4JL","19940401","","","","","","","","","","","0","","E","","",""
"RK9","UNIVERSITY HOSPITALS PLYMOUTH NHS TRUST","Y58","Q85","DERRIFORD HOSPITAL","DERRIFORD ROAD","DERRIFORD","PLYMOUTH","","PL6 8DH","19940401","","","","","","","","","","","0","","K","","",""
"RKB","UNIVERSITY HOSPITALS COVENTRY AND WARWICKSHIRE NHS TRUST","Y60","Q77","WALSGRAVE GENERAL HOSPITAL","CLIFFORD BRIDGE ROAD","","COVENTRY","","CV2 2DX","19930401","","","","","","","","","","","0","","F","","",""
"RKE","WHITTINGTON HEALTH NHS TRUST","Y56","Q71","THE WHITTINGTON HOSPITAL","MAGDALA AVENUE","","LONDON","","N19 5NF","19930401","","","","","","","","","","","0","","H","","",""
"RKL","WEST LONDON NHS TRUST","Y56","Q71","1 ARMSTRONG WAY","","","SOUTHALL","","UB2 4SD","20010401","","","","","","","","","","","0","","H","","",""
"RL1","THE ROBERT JONES AND AGNES HUNT ORTHOPAEDIC HOSPITAL NHS FOUNDATION TRUST","Y60","Q76","GOBOWEN","","","OSWESTRY","","SY10 7AG","19940401","","","","","","","","","","","0","","E","","",""
"RL4","THE ROYAL WOLVERHAMPTON NHS TRUST","Y60","Q77","NEW CROSS HOSPITAL","WOLVERHAMPTON ROAD","HEATH TOWN","WOLVERHAMPTON","","WV10 0QP","19940401","","","","","","","","","","","0","","F","","",""
"RLN","CITY HOSPITALS SUNDERLAND NHS FOUNDATION TRUST","Y54","Q74","SUNDERLAND ROYAL HOSPITAL","KAYLL ROAD","","SUNDERLAND","TYNE AND WEAR","SR4 7TP","19940401","20190331","","","","","","","","","","0","","A","","",""
"RLQ","WYE VALLEY NHS TRUST","Y60","Q77","COUNTY HOSPITAL","27 UNION WALK","","HEREFORD","","HR1 2ER","19940401","","","","","","","","","","","0","","F","","",""
"RLT","GEORGE ELIOT HOSPITAL NHS TRUST","Y60","Q77","LEWES HOUSE","COLLEGE STREET","","NUNEATON","","CV10 7DJ","19940401","","","","","","","","","","","0","","F","","",""
"RLY","NORTH STAFFORDSHIRE COMBINED HEALTHCARE NHS TRUST","Y60","Q76","LAWTON HOUSE","BELLRINGER ROAD","TRENTHAM","STOKE-ON-TRENT","","ST4 8HH","19940401","","","","","","","","","","","0","","E","","",""
"RM1","NORFOLK AND NORWICH UNIVERSITY HOSPITALS NHS FOUNDATION TRUST","Y61","Q79","COLNEY LANE","COLNEY","","NORWICH","","NR4 7UY","19940401","","","","","","","","","","","0","","G","","",""
"RM3","SALFORD ROYAL NHS FOUNDATION TRUST","Y62","Q83","SALFORD ROYAL","STOTT LANE","","SALFORD","GREATER MANCHESTER","M6 8HD","19940401","","","","","","","","","","","0","","B","","",""
"RMC","BOLTON NHS FOUNDATION TRUST","Y62","Q83","THE ROYAL BOLTON HOSPITAL","MINERVA ROAD","FARNWORTH","BOLTON","","BL4 0JR","19940401","","","","","","","","","","","0","","B","","",""
"RMP","TAMESIDE AND GLOSSOP INTEGRATED CARE NHS FOUNDATION TRUST","Y62","Q83","TAMESIDE GENERAL HOSPITAL","FOUNTAIN STREET","","ASHTON-UNDER-LYNE","","OL6 9RW","19940401","","","","","","","","","","","0","","B","","",""
"RMY","NORFOLK AND SUFFOLK NHS FOUNDATION TRUST","Y61","Q79","HELLESDON HOSPITAL","DRAYTON HIGH ROAD","","NORWICH","NORFOLK","NR6 5BE","19940401","","","","","","","","","","","0","","G","","",""
"RN3","GREAT WESTERN HOSPITALS NHS FOUNDATION TRUST","Y58","Q86","GREAT WESTERN HOSPITAL","MARLBOROUGH ROAD","","SWINDON","","SN3 6BB","19940401","","","","","","","","","","","0","","K","","",""
"RN5","HAMPSHIRE HOSPITALS NHS FOUNDATION TRUST","Y59","Q87","BASINGSTOKE AND NORTH HAMPSHIRE HOS","ALDERMASTON ROAD","","BASINGSTOKE","HAMPSHIRE","RG24 9NA","19940401","","","","","","","","","","","0","","J","","",""
"RN7","DARTFORD AND GRAVESHAM NHS TRUST","Y59","Q88","DARENT VALLEY HOSPITAL","DARENTH WOOD ROAD","","DARTFORD","","DA2 8DA","19940401","","","","","","","","","","","0","","J","","",""
"RNA","THE DUDLEY GROUP NHS FOUNDATION TRUST","Y60","Q77","RUSSELLS HALL HOSPITAL","PENSNETT ROAD","","DUDLEY","","DY1 2HQ","19940401","","","","","","","","","","","0","","F","","",""
"RNK","TAVISTOCK AND PORTMAN NHS FOUNDATION TRUST","Y56","Q71","THE TAVISTOCK CENTRE","120 BELSIZE LANE","","LONDON","","NW3 5BA","19940401","","","","","","","","","","","0","","H","","",""
"RNL","NORTH CUMBRIA UNIVERSITY HOSPITALS NHS TRUST","Y63","Q74","CUMBERLAND INFIRMARY","NEWTOWN ROAD","","CARLISLE","CUMBRIA","CA2 7HY","20010401","20190930","","","","","","","","","","0","","A","","",""
"RNN","NORTH CUMBRIA INTEGRATED CARE NHS FOUNDATION TRUST","Y63","Q74","VOREDA HOUSE","PORTLAND PLACE","","PENRITH","","CA11 7BF","20010401","","","","","","","","","","","0","","A","","",""
"RNQ","KETTERING GENERAL HOSPITAL NHS FOUNDATION TRUST","Y60","Q78","ROTHWELL ROAD","","","KETTERING","","NN16 8UZ","19940401","","","","","","","","","","","0","","E","","",""
"RNS","NORTHAMPTON GENERAL HOSPITAL NHS TRUST","Y60","Q78","CLIFTONVILLE","","","NORTHAMPTON","","NN1 5BD","19940401","","","","","","","","","","","0","","E","","",""
"RNU","OXFORD HEALTH NHS FOUNDATION TRUST","Y59","Q87","WARNEFORD HOSPITAL","WARNEFORD LANE","HEADINGTON","OXFORD","","OX3 7JX","19940401","","","","","","","","","","","0","","J","","",""
"RNZ","SALISBURY NHS FOUNDATION TRUST","Y58","Q86","SALISBURY DISTRICT HOSPITAL","ODSTOCK ROAD","","SALISBURY","","SP2 8BJ","19940401","","","","","","","","","","","1","","K","","",""
"RP1","NORTHAMPTONSHIRE HEALTHCARE NHS FOUNDATION TRUST","Y60","Q78","ST MARYS HOSPITAL","77 LONDON ROAD","","KETTERING","","NN15 7PW","20010401","","","","","","","","","","","1","","E","","",""
"RP4","GREAT ORMOND STREET HOSPITAL FOR CHILDREN NHS FOUNDATION TRUST","Y56","Q71","GREAT ORMOND STREET","","","LONDON","","WC1N 3JH","19940401","","","","","","","","","","","1","","H","","",""
"RP5","DONCASTER AND BASSETLAW TEACHING HOSPITALS NHS FOUNDATION TRUST","Y63","Q72","DONCASTER ROYAL INFIRMARY","ARMTHORPE ROAD","","DONCASTER","","DN2 5LT","20010401","","","","","","","","","","","1","","D","","",""
"RP6","MOORFIELDS EYE HOSPITAL NHS FOUNDATION TRUST","Y56","Q71","162 CITY ROAD","","","LONDON","","EC1V 2PD","19940401","","","","","","","","","","","1","","H","","",""
"RP7","LINCOLNSHIRE PARTNERSHIP NHS FOUNDATION TRUST","Y60","Q78","ST GEORGE'S","LONG LEYS ROAD","","LINCOLN","","LN1 1FS","20010401","","","","","","","","","","","1","","E","","",""
"RPA","MEDWAY NHS FOUNDATION TRUST","Y59","Q88","MEDWAY MARITIME HOSPITAL","WINDMILL ROAD","","GILLINGHAM","","ME7 5NY","19940401","","","","","","","","","","","1","","J","","",""
"RPC","QUEEN VICTORIA HOSPITAL NHS FOUNDATION TRUST","Y59","Q88","HOLTYE ROAD","","","EAST GRINSTEAD","","RH19 3DZ","19940401","","","","","","","","","","","1","","J","","",""
"RPG","OXLEAS NHS FOUNDATION TRUST","Y56","Q71","PINEWOOD HOUSE","PINEWOOD PLACE","","DARTFORD","","DA2 7WG","19940401","","","","","","","","","","","1","","H","","",""
"RPY","THE ROYAL MARSDEN NHS FOUNDATION TRUST","Y56","Q71","FULHAM ROAD","","","LONDON","GREATER LONDON","SW3 6JJ","19940401","","","","","","","","","","","0","","H","","",""
"RQ3","BIRMINGHAM WOMEN'S AND CHILDREN'S NHS FOUNDATION TRUST","Y60","Q77","STEELHOUSE LANE","","","BIRMINGHAM","WEST MIDLANDS","B4 6NH","19950401","","","","","","","","","","","0","","F","","",""
"RQ6","ROYAL LIVERPOOL AND BROADGREEN UNIVERSITY HOSPITALS NHS TRUST","Y62","Q75","ROYAL LIVERPOOL UNIVERSITY HOSPITAL","PRESCOT STREET","","LIVERPOOL","","L7 8XP","19950401","20190930","","","","","","","","","","0","","B","","",""
"RQ8","MID ESSEX HOSPITAL SERVICES NHS TRUST","Y61","Q79","BROOMFIELD HOSPITAL","COURT ROAD","","CHELMSFORD","","CM1 7ET","19950401","","","","","","","","","","","1","","G","","",""
"RQF","VELINDRE NHS TRUST","W00","Q99","UNIT 2","CHARNWOOD COURT","HEOL BILLINGSLEY","CARDIFF","","CF15 7QZ","19940401","","","","","","","","","","","1","","W","","",""
"RQM","CHELSEA AND WESTMINSTER HOSPITAL NHS FOUNDATION TRUST","Y56","Q71","CHELSEA & WESTMINSTER HOSPITAL","369 FULHAM ROAD","","LONDON","","SW10 9NH","19940401","","","","","","","","","","","1","","H","","",""
"RQW","THE PRINCESS ALEXANDRA HOSPITAL NHS TRUST","Y61","Q79","HAMSTEL ROAD","","","HARLOW","","CM20 1QX","19950401","","","","","","","","","","","1","","G","","",""
"RQX","HOMERTON UNIVERSITY HOSPITAL NHS FOUNDATION TRUST","Y56","Q71","HOMERTON ROW","","","LONDON","","E9 6SR","19950401","","","","","","","","","","","1","","H","","",""
"RQY","SOUTH WEST LONDON AND ST GEORGE'S MENTAL HEALTH NHS TRUST","Y56","Q71","SPRINGFIELD HOSPITAL","61 GLENBURNIE ROAD","","LONDON","","SW17 7DJ","19950401","","","","","","","","","","","1","","H","","",""
"RR1","HEART OF ENGLAND NHS FOUNDATION TRUST","Y55","Q77","BIRMINGHAM HEARTLANDS HOSPITAL","BORDESLEY GREEN EAST","","BIRMINGHAM","WEST MIDLANDS","B9 5ST","19960401","20180401","","","","","","","","","","0","","F","","",""
"RR7","GATESHEAD HEALTH NHS FOUNDATION TRUST","Y63","Q74","QUEEN ELIZABETH HOSPITAL","SHERIFF HILL","","GATESHEAD","","NE9 6SX","19980401","","","","","","","","","","","1","","A","","",""
"RR8","LEEDS TEACHING HOSPITALS NHS TRUST","Y63","Q72","ST. JAMES'S UNIVERSITY HOSPITAL","BECKETT STREET","","LEEDS","","LS9 7TF","19980401","","","","","","","","","","","1","","D","","",""
"RRE","MIDLANDS PARTNERSHIP NHS FOUNDATION TRUST","Y60","Q76","TRUST HEADQUARTERS","ST GEORGES HOSPITAL","CORPORATION STREET","STAFFORD","STAFFORDSHIRE","ST16 3SR","20010401","","","","","","","","","","","1","","E","","",""
"RRF","WRIGHTINGTON, WIGAN AND LEIGH NHS FOUNDATION TRUST","Y62","Q83","ROYAL ALBERT EDWARD INFIRMARY","WIGAN LANE","","WIGAN","","WN1 2NN","20010401","","","","","","","","","","","1","","B","","",""
"RRJ","THE ROYAL ORTHOPAEDIC HOSPITAL NHS FOUNDATION TRUST","Y60","Q77","THE WOODLANDS","BRISTOL ROAD SOUTH","NORTHFIELD","BIRMINGHAM","","B31 2AP","19950401","","","","","","","","","","","1","","F","","",""
"RRK","UNIVERSITY HOSPITALS BIRMINGHAM NHS FOUNDATION TRUST","Y60","Q77","QUEEN ELIZABETH HOSPITAL","MINDELSOHN WAY","EDGBASTON","BIRMINGHAM","WEST MIDLANDS","B15 2GW","19950401","","","","","","","","","","","0","","F","","",""
"RRP","BARNET, ENFIELD AND HARINGEY MENTAL HEALTH NHS TRUST","Y56","Q71","TRUST HEADQUARTERS BLOCK B2","ST ANN'S HOSPITAL","ST ANN'S ROAD","LONDON","","N15 3TH","20010401","","","","","","","","","","","1","","H","","",""
"RRU","LONDON AMBULANCE SERVICE NHS TRUST","Y56","Q71","220 WATERLOO ROAD","","","LONDON","","SE1 8SD","19960401","","","","","","","","","","","1","","H","","",""
"RRV","UNIVERSITY COLLEGE LONDON HOSPITALS NHS FOUNDATION TRUST","Y56","Q71","250 EUSTON ROAD","","","LONDON","","NW1 2PG","19960401","","","","","","","","","","","0","","H","","",""
"RT1","CAMBRIDGESHIRE AND PETERBOROUGH NHS FOUNDATION TRUST","Y61","Q79","ELIZABETH HOUSE,","FULBOURN HOSPITAL","FULBOURN","CAMBRIDGE","","CB21 5EF","20020401","","","","","","","","","","","1","","G","","",""
"RT2","PENNINE CARE NHS FOUNDATION TRUST","Y62","Q83","225 OLD STREET","","","ASHTON-UNDER-LYNE","","OL6 7SR","20020401","","","","","","","","","","","1","","B","","",""
"RT3","ROYAL BROMPTON & HAREFIELD NHS FOUNDATION TRUST","Y56","Q71","ROYAL BROMPTON HOSPITAL","SYDNEY STREET","","LONDON","GREATER LONDON","SW3 6NP","19980401","","","","","","","","","","","0","","H","","",""
"RT4","WELSH AMBULANCE SERVICES NHS TRUST","W00","Q99","UNIT 7","FFORDD RICHARD DAVIES","ST ASAPH BUSINESS PARK","ST. ASAPH","","LL17 0LJ","19980401","","","","","","","","","","","1","","W","","",""
"RT5","LEICESTERSHIRE PARTNERSHIP NHS TRUST","Y60","Q78","RIVERSIDE HOUSE","BRIDGE PARK PLAZA","BRIDGE PARK ROAD","LEICESTER","LEICESTERSHIRE","LE4 8PQ","19990401","","","","","","","","","","","1","","E","","",""
"RTD","THE NEWCASTLE UPON TYNE HOSPITALS NHS FOUNDATION TRUST","Y63","Q74","FREEMAN HOSPITAL","FREEMAN ROAD","HIGH HEATON","NEWCASTLE UPON TYNE","","NE7 7DN","19980401","","","","","","","","","","","1","","A","","",""
"RTE","GLOUCESTERSHIRE HOSPITALS NHS FOUNDATION TRUST","Y58","Q86","CHELTENHAM GENERAL HOSPITAL","SANDFORD ROAD","","CHELTENHAM","","GL53 7AN","20020401","","","","","","","","","","","1","","K","","",""
"RTF","NORTHUMBRIA HEALTHCARE NHS FOUNDATION TRUST","Y63","Q74","NORTH TYNESIDE GENERAL HOSPITAL","RAKE LANE","","NORTH SHIELDS","","NE29 8NH","19980401","","","","","","","","","","","1","","A","","",""
"RTG","UNIVERSITY HOSPITALS OF DERBY AND BURTON NHS FOUNDATION TRUST","Y60","Q76","ROYAL DERBY HOSPITAL","UTTOXETER ROAD","","DERBY","","DE22 3NE","19980401","","","","","","","","","","","1","","E","","",""
"RTH","OXFORD UNIVERSITY HOSPITALS NHS FOUNDATION TRUST","Y59","Q87","JOHN RADCLIFFE HOSPITAL","HEADLEY WAY","HEADINGTON","OXFORD","","OX3 9DU","19980401","","","","","","","","","","","1","","J","","",""
"RTK","ASHFORD AND ST PETER'S HOSPITALS NHS FOUNDATION TRUST","Y59","Q88","ST PETERS HOSPITAL","GUILDFORD ROAD","","CHERTSEY","","KT16 0PZ","19980401","","","","","","","","","","","1","","J","","",""
"RTP","SURREY AND SUSSEX HEALTHCARE NHS TRUST","Y59","Q88","TRUST HEADQUARTERS","EAST SURREY HOSPITAL","CANADA AVENUE","REDHILL","SURREY","RH1 5RH","19980401","","","","","","","","","","","1","","J","","",""
"RTQ","GLOUCESTERSHIRE HEALTH AND CARE NHS FOUNDATION TRUST","Y58","Q86","EDWARD JENNER COURT","1010 PIONEER AVENUE","GLOUCESTER BUSINESS PARK","GLOUCESTER","","GL3 4AW","20020401","","","","","","","","","","","1","","K","","",""
"RTR","SOUTH TEES HOSPITALS NHS FOUNDATION TRUST","Y63","Q74","JAMES COOK UNIVERSITY HOSPITAL","MARTON ROAD","","MIDDLESBROUGH","","TS4 3BW","20020401","","","","","","","","","","","1","","A","","",""
"RTV","NORTH WEST BOROUGHS HEALTHCARE NHS FOUNDATION TRUST","Y62","Q75","HOLLINS PARK HOUSE","HOLLINS PARK HOSPITAL","HOLLINS LANE","WARRINGTON","","WA2 8WA","20020401","","","","","","","","","","","1","","B","","",""
"RTX","UNIVERSITY HOSPITALS OF MORECAMBE BAY NHS FOUNDATION TRUST","Y62","Q84","WESTMORLAND GENERAL HOSPITAL","BURTON ROAD","","KENDAL","","LA9 7RG","19980401","","","","","","","","","","","1","","B","","",""
"RV3","CENTRAL AND NORTH WEST LONDON NHS FOUNDATION TRUST","Y56","Q71","TRUST HEADQUARTERS","350 EUSTON ROAD","REGENTS PLACE","LONDON","","NW1 3AX","19990401","","","","","","","","","","","1","","H","","",""
"RV5","SOUTH LONDON AND MAUDSLEY NHS FOUNDATION TRUST","Y56","Q71","BETHLEM ROYAL HOSPITAL","MONKS ORCHARD ROAD","","BECKENHAM","KENT","BR3 3BX","19990401","","","","","","","","","","","1","","H","","",""
"RV9","HUMBER TEACHING NHS FOUNDATION TRUST","Y63","Q72","TRUST HQ, WILLERBY HILL","BEVERLEY ROAD","WILLERBY","HULL","","HU10 6ED","19991001","","","","","","","","","","","1","","D","","",""
"RVJ","NORTH BRISTOL NHS TRUST","Y58","Q86","SOUTHMEAD HOSPITAL","SOUTHMEAD ROAD","WESTBURY-ON-TRYM","BRISTOL","","BS10 5NB","19990401","","","","","","","","","","","1","","K","","",""
"RVN","AVON AND WILTSHIRE MENTAL HEALTH PARTNERSHIP NHS TRUST","Y58","Q86","BATH NHS HOUSE","NEWBRIDGE HILL","","BATH","","BA1 3QE","19990401","","","","","","","","","","","0","","K","","",""
"RVR","EPSOM AND ST HELIER UNIVERSITY HOSPITALS NHS TRUST","Y56","Q71","ST HELIER HOSPITAL","WRYTHE LANE","","CARSHALTON","","SM5 1AA","19990401","","","","","","","","","","","1","","H","","",""
"RVV","EAST KENT HOSPITALS UNIVERSITY NHS FOUNDATION TRUST","Y59","Q88","KENT & CANTERBURY HOSPITAL","ETHELBERT ROAD","","CANTERBURY","","CT1 3NG","19990401","","","","","","","","","","","1","","J","","",""
"RVW","NORTH TEES AND HARTLEPOOL NHS FOUNDATION TRUST","Y63","Q74","UNIVERSITY HOSPITAL OF HARTLEPOOL","HOLDFORTH ROAD","","HARTLEPOOL","","TS24 9AH","19990401","","","","","","","","","","","1","","A","","",""
"RVY","SOUTHPORT AND ORMSKIRK HOSPITAL NHS TRUST","Y62","Q75","TOWN LANE","","","SOUTHPORT","","PR8 6PN","19990401","","","","","","","","","","","1","","B","","",""
"RW1","SOUTHERN HEALTH NHS FOUNDATION TRUST","Y59","Q87","TATCHBURY MOUNT HOSPITAL","CALMORE","","SOUTHAMPTON","","SO40 2RZ","20010401","","","","","","","","","","","1","","J","","",""
"RW4","MERSEY CARE NHS FOUNDATION TRUST","Y62","Q75","V7 BUILDING","KINGS BUSINESS PARK","KINGS DRIVE","PRESCOT","","L34 1PJ","20010401","","","","","","","","","","","1","","B","","",""
"RW5","LANCASHIRE & SOUTH CUMBRIA NHS FOUNDATION TRUST","Y62","Q84","SCEPTRE POINT","SCEPTRE WAY","BAMBER BRIDGE","PRESTON","","PR5 6AW","20020401","","","","","","","","","","","1","","B","","",""
"RW6","PENNINE ACUTE HOSPITALS NHS TRUST","Y62","Q83","TRUST HEADQUARTERS","NORTH MANCHESTER GENERAL HOSPITAL","DELAUNAYS ROAD, CRUMPSALL","MANCHESTER","","M8 5RB","20020401","","","","","","","","","","","1","","B","","",""
"RWA","HULL UNIVERSITY TEACHING HOSPITALS NHS TRUST","Y63","Q72","HULL ROYAL INFIRMARY","ANLABY ROAD","","HULL","","HU3 2JZ","19991001","","","","","","","","","","","1","","D","","",""
"RWD","UNITED LINCOLNSHIRE HOSPITALS NHS TRUST","Y60","Q78","LINCOLN COUNTY HOSPITAL","GREETWELL ROAD","","LINCOLN","","LN2 5QY","20000401","","","","","","","","","","","1","","E","","",""
"RWE","UNIVERSITY HOSPITALS OF LEICESTER NHS TRUST","Y60","Q78","LEICESTER ROYAL INFIRMARY","INFIRMARY SQUARE","","LEICESTER","","LE1 5WW","20000401","","","","","","","","","","","1","","E","","",""
"RWF","MAIDSTONE AND TUNBRIDGE WELLS NHS TRUST","Y59","Q88","THE MAIDSTONE HOSPITAL","HERMITAGE LANE","","MAIDSTONE","","ME16 9QQ","20000401","","","","","","","","","","","1","","J","","",""
"RWG","WEST HERTFORDSHIRE HOSPITALS NHS TRUST","Y61","Q79","TRUST OFFICES","WATFORD GENERAL HOSPITAL","VICARAGE ROAD","WATFORD","","WD18 0HB","20000401","","","","","","","","","","","1","","G","","",""
"RWH","EAST AND NORTH HERTFORDSHIRE NHS TRUST","Y61","Q79","LISTER HOSPITAL","COREYS MILL LANE","","STEVENAGE","HERTFORDSHIRE","SG1 4AB","20000401","","","","","","","","","","","0","","G","","",""
"RWJ","STOCKPORT NHS FOUNDATION TRUST","Y62","Q83","STEPPING HILL HOSPITAL","POPLAR GROVE","","STOCKPORT","","SK2 7JE","20000401","","","","","","","","","","","1","","B","","",""
"RWK","EAST LONDON NHS FOUNDATION TRUST","Y56","Q71","ROBERT DOLAN HOUSE","9 ALIE STREET","","LONDON","GREATER LONDON","E1 8DE","20000401","","","","","","","","","","","1","","H","","",""
"RWP","WORCESTERSHIRE ACUTE HOSPITALS NHS TRUST","Y60","Q77","WORCESTERSHIRE ROYAL HOSPITAL","CHARLES HASTINGS WAY","","WORCESTER","","WR5 1DD","20000401","","","","","","","","","","","1","","F","","",""
"RWR","HERTFORDSHIRE PARTNERSHIP UNIVERSITY NHS FOUNDATION TRUST","Y61","Q79","THE COLONNADES","BEACONSFIELD CLOSE","","HATFIELD","","AL10 8YE","20010401","","","","","","","","","","","1","","G","","",""
"RWV","DEVON PARTNERSHIP NHS TRUST","Y58","Q85","WONFORD HOUSE HOSPITAL","DRYDEN ROAD","","EXETER","","EX2 5AF","20010401","","","","","","","","","","","1","","K","","",""
"RWW","WARRINGTON AND HALTON TEACHING HOSPITALS NHS FOUNDATION TRUST","Y62","Q75","WARRINGTON HOSPITAL","LOVELY LANE","","WARRINGTON","","WA5 1QG","20010401","","","","","","","","","","","1","","B","","",""
"RWX","BERKSHIRE HEALTHCARE NHS FOUNDATION TRUST","Y59","Q87","FITZWILLIAM HOUSE","SKIMPED HILL LANE","","BRACKNELL","","RG12 1BQ","20010401","","","","","","","","","","","1","","J","","",""
"RWY","CALDERDALE AND HUDDERSFIELD NHS FOUNDATION TRUST","Y63","Q72","TRUST HEADQUARTERS","ACRE STREET","LINDLEY","HUDDERSFIELD","","HD3 3EA","20010401","","","","","","","","","","","1","","D","","",""
"RX1","NOTTINGHAM UNIVERSITY HOSPITALS NHS TRUST","Y60","Q76","TRUST HEADQUARTERS","QUEENS MEDICAL CENTRE","DERBY ROAD","NOTTINGHAM","","NG7 2UH","20060401","","","","","","","","","","","1","","E","","",""
"RX2","SUSSEX PARTNERSHIP NHS FOUNDATION TRUST","Y59","Q88","TRUST HQ","SWANDEAN","ARUNDEL ROAD","WORTHING","","BN13 3EP","20060401","","","","","","","","","","","1","","J","","",""
"RX3","TEES, ESK AND WEAR VALLEYS NHS FOUNDATION TRUST","Y63","Q74","TRUST HEADQUARTERS","WEST PARK HOSPITAL","EDWARD PEASE WAY","DARLINGTON","","DL2 2TS","20060401","","","","","","","","","","","1","","A","","",""
"RX4","CUMBRIA, NORTHUMBERLAND, TYNE AND WEAR NHS FOUNDATION TRUST","Y63","Q74","ST NICHOLAS HOSPITAL","JUBILEE ROAD","GOSFORTH","NEWCASTLE UPON TYNE","TYNE AND WEAR","NE3 3XT","20060401","","","","","","","","","","","1","","A","","",""
"RX6","NORTH EAST AMBULANCE SERVICE NHS FOUNDATION TRUST","Y63","Q74","BERNICIA HOUSE","THE WATERFRONT","GOLDCREST WAY","NEWCASTLE UPON TYNE","","NE15 8NY","20060701","","","","","","","","","","","1","","A","","",""
"RX7","NORTH WEST AMBULANCE SERVICE NHS TRUST","Y62","Q83","LADYBRIDGE HALL","399 CHORLEY NEW ROAD","","BOLTON","","BL1 5DD","20060701","","","","","","","","","","","1","","B","","",""
"RX8","YORKSHIRE AMBULANCE SERVICE NHS TRUST","Y63","Q72","SPRINGHILL","2 BRINDLEY WAY","WAKEFIELD 41 INDUSTRIAL ESTATE","WAKEFIELD","","WF2 0XQ","20060701","","","","","","","","","","","1","","D","","",""
"RX9","EAST MIDLANDS AMBULANCE SERVICE NHS TRUST","Y60","Q76","1 HORIZON PLACE","MELLORS WAY","NOTTINGHAM BUSINESS PARK","NOTTINGHAM","","NG8 6PY","20060701","","","","","","","","","","","1","","E","","",""
"RXA","CHESHIRE AND WIRRAL PARTNERSHIP NHS FOUNDATION TRUST","Y62","Q75","TRUST HEADQUARTERS REDESMERE","THE COUNTESS OF CHESTER HEALTH PARK","LIVERPOOL ROAD","CHESTER","","CH2 1BQ","20020401","","","","","","","","","","","1","","B","","",""
"RXC","EAST SUSSEX HEALTHCARE NHS TRUST","Y59","Q88","ST ANNES HOUSE","729 THE RIDGE","","ST. LEONARDS-ON-SEA","","TN37 7PT","20020401","","","","","","","","","","","1","","J","","",""
"RXE","ROTHERHAM DONCASTER AND SOUTH HUMBER NHS FOUNDATION TRUST","Y63","Q72","WOODFIELD HOUSE","TICKHILL ROAD","","DONCASTER","","DN4 8QN","20040401","","","","","","","","","","","1","","D","","",""
"RXF","MID YORKSHIRE HOSPITALS NHS TRUST","Y63","Q72","PINDERFIELDS HOSPITAL","ABERFORD ROAD","","WAKEFIELD","","WF1 4DG","20020401","","","","","","","","","","","1","","D","","",""
"RXG","SOUTH WEST YORKSHIRE PARTNERSHIP NHS FOUNDATION TRUST","Y63","Q72","TRUST HEADQUARTERS","FIELDHEAD HOSPITAL","OUCHTHORPE LANE","WAKEFIELD","","WF1 3SP","20020401","","","","","","","","","","","1","","D","","",""
"RXH","BRIGHTON AND SUSSEX UNIVERSITY HOSPITALS NHS TRUST","Y59","Q88","ROYAL SUSSEX COUNTY HOSPITAL","EASTERN ROAD","","BRIGHTON","","BN2 5BE","20020401","","","","","","","","","","","1","","J","","",""
"RXK","SANDWELL AND WEST BIRMINGHAM HOSPITALS NHS TRUST","Y60","Q77","CITY HOSPITAL","DUDLEY ROAD","","BIRMINGHAM","","B18 7QH","20020401","","","","","","","","","","","1","","F","","",""
"RXL","BLACKPOOL TEACHING HOSPITALS NHS FOUNDATION TRUST","Y62","Q84","VICTORIA HOSPITAL","WHINNEY HEYS ROAD","","BLACKPOOL","","FY3 8NR","20020401","","","","","","","","","","","1","","B","","",""
"RXM","DERBYSHIRE HEALTHCARE NHS FOUNDATION TRUST","Y60","Q76","TRUST HEADQUARTERS","KINGSWAY HOSPITAL","KINGSWAY","DERBY","","DE22 3LZ","20020401","","","","","","","","","","","1","","E","","",""
"RXN","LANCASHIRE TEACHING HOSPITALS NHS FOUNDATION TRUST","Y62","Q84","ROYAL PRESTON HOSPITAL","SHAROE GREEN LANE","FULWOOD","PRESTON","","PR2 9HT","20020801","","","","","","","","","","","1","","B","","",""
"RXP","COUNTY DURHAM AND DARLINGTON NHS FOUNDATION TRUST","Y63","Q74","DARLINGTON MEMORIAL HOSPITAL","HOLLYHURST ROAD","","DARLINGTON","","DL3 6HX","20021001","","","","","","","","","","","1","","A","","",""
"RXQ","BUCKINGHAMSHIRE HEALTHCARE NHS TRUST","Y59","Q87","AMERSHAM HOSPITAL","WHIELDEN STREET","","AMERSHAM","","HP7 0JD","20030401","","","","","","","","","","","1","","J","","",""
"RXR","EAST LANCASHIRE HOSPITALS NHS TRUST","Y62","Q84","ROYAL BLACKBURN HOSPITAL","HASLINGDEN ROAD","","BLACKBURN","","BB2 3HH","20030401","","","","","","","","","","","1","","B","","",""
"RXT","BIRMINGHAM AND SOLIHULL MENTAL HEALTH NHS FOUNDATION TRUST","Y60","Q77","UNIT 1","50 SUMMER HILL ROAD","","BIRMINGHAM","","B1 3RB","20030401","","","","","","","","","","","1","","F","","",""
"RXV","GREATER MANCHESTER MENTAL HEALTH NHS FOUNDATION TRUST","Y62","Q83","PRESTWICH HOSPITAL","BURY NEW ROAD","PRESTWICH","MANCHESTER","","M25 3BL","20030401","","","","","","","","","","","1","","B","","",""
"RXW","SHREWSBURY AND TELFORD HOSPITAL NHS TRUST","Y60","Q76","MYTTON OAK ROAD","","","SHREWSBURY","","SY3 8XQ","20031001","","","","","","","","","","","1","","E","","",""
"RXX","SURREY AND BORDERS PARTNERSHIP NHS FOUNDATION TRUST","Y59","Q88","18 MOLE BUSINESS PARK","RANDALLS ROAD","","LEATHERHEAD","","KT22 7AD","20050401","","","","","","","","","","","1","","J","","",""
"RXY","KENT AND MEDWAY NHS AND SOCIAL CARE PARTNERSHIP TRUST","Y59","Q88","FARM VILLA","HERMITAGE LANE","","MAIDSTONE","","ME16 9PH","20060401","","","","","","","","","","","1","","J","","",""
"RY2","BRIDGEWATER COMMUNITY HEALTHCARE NHS FOUNDATION TRUST","Y62","Q83","EUROPA POINT","EUROPA BOULEVARD","WESTBROOK","WARRINGTON","CHESHIRE","WA5 7TY","20101101","","","","","","","","","","","1","","B","","",""
"RY3","NORFOLK COMMUNITY HEALTH AND CARE NHS TRUST","Y61","Q79","NORWICH COMMUNITY HOSPITAL","BOWTHORPE ROAD","","NORWICH","","NR2 3TU","20101101","","","","","","","","","","","1","","G","","",""
"RY4","HERTFORDSHIRE COMMUNITY NHS TRUST","Y61","Q79","UNIT 1A HOWARD COURT","14 TEWIN ROAD","","WELWYN GARDEN CITY","HERTFORDSHIRE","AL7 1BW","20101101","","","","","","","","","","","1","","G","","",""
"RY5","LINCOLNSHIRE COMMUNITY HEALTH SERVICES NHS TRUST","Y60","Q78","BEECH HOUSE","WITHAM PARK","WATERSIDE SOUTH","LINCOLN","LINCOLNSHIRE","LN5 7JH","20110401","","","","","","","","","","","0","","E","","",""
"RY6","LEEDS COMMUNITY HEALTHCARE NHS TRUST","Y63","Q72","STOCKDALE HOUSE","8 VICTORIA ROAD","","LEEDS","","LS6 1PF","20110401","","","","","","","","","","","1","","D","","",""
"RY7","WIRRAL COMMUNITY HEALTH AND CARE NHS FOUNDATION TRUST","Y62","Q75","DERBY ROAD","","","BIRKENHEAD","","CH42 0LQ","20110401","","","","","","","","","","","0","","B","","",""
"RY8","DERBYSHIRE COMMUNITY HEALTH SERVICES NHS FOUNDATION TRUST","Y60","Q76","TRUST HQ, ASH GREEN DISABILITY CTR","ASHGATE ROAD","ASHGATE","CHESTERFIELD","","S42 7JE","20110401","","","","","","","","","","","1","","E","","",""
"RY9","HOUNSLOW AND RICHMOND COMMUNITY HEALTHCARE NHS TRUST","Y56","Q71","THAMES HOUSE","180-194 HIGH STREET","","TEDDINGTON","","TW11 8HU","20110401","","","","","","","","","","","1","","H","","",""
"RYA","WEST MIDLANDS AMBULANCE SERVICE UNIVERSITY NHS FOUNDATION TRUST","Y60","Q77","MILLENNIUM POINT","WATERFRONT BUSINESS PARK","DUDLEY ROAD","BRIERLEY HILL","","DY5 1LX","20060701","","","","","","","","","","","1","","F","","",""
"RYC","EAST OF ENGLAND AMBULANCE SERVICE NHS TRUST","Y61","Q79","UNIT 3","WHITING WAY","MELBOURN","ROYSTON","","SG8 6NA","20060701","","","","","","","","","","","0","","G","","",""
"RYD","SOUTH EAST COAST AMBULANCE SERVICE NHS FOUNDATION TRUST","Y59","Q88","TRUST HEADQUARTERS","NEXUS HOUSE","4 GATWICK ROAD","CRAWLEY","","RH10 9BG","20060701","","","","","","","","","","","1","","J","","",""
"RYE","SOUTH CENTRAL AMBULANCE SERVICE NHS FOUNDATION TRUST","Y59","Q87","7-8 TALISMAN BUSINESS CENTRE","TALISMAN ROAD","","BICESTER","","OX26 6HR","20060701","","","","","","","","","","","1","","J","","",""
"RYF","SOUTH WESTERN AMBULANCE SERVICE NHS FOUNDATION TRUST","Y58","Q85","ABBEY COURT","EAGLE WAY","","EXETER","DEVON","EX2 7HY","20060701","","","","","","","","","","","1","","K","","",""
"RYG","COVENTRY AND WARWICKSHIRE PARTNERSHIP NHS TRUST","Y60","Q77","WAYSIDE HOUSE","WILSONS LANE","","COVENTRY","","CV6 6NY","20061001","","","","","","","","","","","1","","F","","",""
"RYJ","IMPERIAL COLLEGE HEALTHCARE NHS TRUST","Y56","Q71","THE BAYS","ST MARYS HOSPITAL","SOUTH WHARF ROAD","LONDON","","W2 1BL","20071001","","","","","","","","","","","0","","H","","",""
"RYK","DUDLEY AND WALSALL MENTAL HEALTH PARTNERSHIP NHS TRUST","Y60","Q77","TRAFALGAR HOUSE","47-49 KING STREET","","DUDLEY","","DY2 8PS","20081001","","","","","","","","","","","1","","F","","",""
"RYR","WESTERN SUSSEX HOSPITALS NHS FOUNDATION TRUST","Y59","Q88","WORTHING HOSPITAL","LYNDHURST ROAD","","WORTHING","","BN11 2DH","20090401","","","","","","","","","","","1","","J","","",""
"RYT","PUBLIC HEALTH WALES NHS TRUST","W00","Q99","2 CAPITAL QUARTER","TYNDALL STREET","","CARDIFF","","CF10 4BZ","20091001","","","","","","","","","","","1","","W","","",""
"RYV","CAMBRIDGESHIRE COMMUNITY SERVICES NHS TRUST","Y61","Q79","UNIT 7/8","MEADOW PARK","MEADOW LANE","ST. IVES","","PE27 4LG","20100401","","","","","","","","","","","0","","G","","",""
"RYW","BIRMINGHAM COMMUNITY HEALTHCARE NHS FOUNDATION TRUST","Y60","Q77","3 PRIESTLEY WHARF","HOLT STREET","BIRMINGHAM SCIENCE PARK, ASTON","BIRMINGHAM","","B7 4BN","20101101","","","","","","","","","","","1","","F","","",""
"RYX","CENTRAL LONDON COMMUNITY HEALTHCARE NHS TRUST","Y56","Q71","GROUND FLOOR","15 MARYLEBONE ROAD","","LONDON","","NW1 5JD","20101101","","","","","","","","","","","1","","H","","",""
"RYY","KENT COMMUNITY HEALTH NHS FOUNDATION TRUST","Y59","Q88","UNIT D","THE OAST","HERMITAGE LANE","MAIDSTONE","","ME16 9NT","20101101","","","","","","","","","","","1","","J","","",""
